F1 Score,Label,Model,Precision,Recall,Model_label
0.8799999999999999,0,lr,0.8461538461538461,0.9166666666666666,lr0.0
0.8909090909090909,1,lr,0.9245283018867925,0.8596491228070176,lr1.0
0.9038461538461539,0,rf,0.8392857142857143,0.9791666666666666,rf0.0
0.9056603773584905,1,rf,0.9795918367346939,0.8421052631578947,rf1.0
0.888888888888889,0,gbt,0.8627450980392157,0.9166666666666666,gbt0.0
0.9009009009009009,1,gbt,0.9259259259259259,0.8771929824561403,gbt1.0
0.888888888888889,0,lsvc,0.8,1,lsvc0.0
0.8823529411764706,1,lsvc,1,0.7894736842105263,lsvc1.0
